{
  "MAE": 0.153018,
  "MSE": 0.03598353,
  "RMSE": 0.189693,
  "R2": -0.321,
  "MAPE": 10.1138
}