{
  "loss": [
    2.670844554901123,
    1.8278157711029053,
    1.4420068264007568,
    1.112465500831604,
    0.819269061088562,
    0.5703995227813721,
    0.36884284019470215,
    0.22097550332546234,
    0.12334437668323517,
    0.06387095898389816
  ],
  "mae": [
    1.4624664783477783,
    1.314142107963562,
    1.1754746437072754,
    1.0320104360580444,
    0.8835451602935791,
    0.7305539846420288,
    0.5798273682594299,
    0.4413759410381317,
    0.3179329037666321,
    0.21995459496974945
  ],
  "rmse": [
    1.6342718601226807,
    1.3519673347473145,
    1.200835943222046,
    1.0547348260879517,
    0.9051348567008972,
    0.7552480101585388,
    0.6073243021965027,
    0.47008031606674194,
    0.35120418667793274,
    0.25272703170776367
  ],
  "val_loss": [
    1.8044968843460083,
    1.517171859741211,
    1.1936414241790771,
    0.8999871611595154,
    0.6512675881385803,
    0.4289666712284088,
    0.28870823979377747,
    0.19273196160793304,
    0.10970643162727356,
    0.05787833780050278
  ],
  "val_mae": [
    1.333998680114746,
    1.2217028141021729,
    1.0799903869628906,
    0.9327092170715332,
    0.7887502908706665,
    0.6335756182670593,
    0.5123873353004456,
    0.4079665243625641,
    0.29419517517089844,
    0.20083500444889069
  ],
  "val_rmse": [
    1.343315601348877,
    1.231735348701477,
    1.0925389528274536,
    0.9486765265464783,
    0.8070115447044373,
    0.6549554467201233,
    0.5373157858848572,
    0.4390124976634979,
    0.3312196135520935,
    0.24057917296886444
  ],
  "lr": [
    0.0010000000474974513,
    0.0010000000474974513,
    0.0010000000474974513,
    0.0010000000474974513,
    0.0010000000474974513,
    0.0010000000474974513,
    0.0010000000474974513,
    0.0010000000474974513,
    0.0010000000474974513,
    0.0010000000474974513
  ]
}